document_id,extension,size_bytes,extraction_attempted,extraction_method,tokenization_attempted,residual_high_confidence_pi_pattern_count,blocked_for_ai_extraction,needs_operator_review,status
doc_6906d07e58afa177,.pdf,58715,True,pdf_text_extraction_unavailable,False,0,True,True,extraction_unavailable
doc_6648c56c70f510fd,.pdf,58784,True,pdf_text_extraction_unavailable,False,0,True,True,extraction_unavailable
doc_1d7328beb04b498d,.pdf,56629,True,pdf_text_extraction_unavailable,False,0,True,True,extraction_unavailable
doc_1cc22c046b4bb745,.pdf,120036,True,pdf_text_extraction_unavailable,False,0,True,True,extraction_unavailable
doc_5711faf5160d7d87,.pdf,126163,True,pdf_text_extraction_unavailable,False,0,True,True,extraction_unavailable
doc_9c6a68cd317d6ce8,.pdf,126163,False,not_attempted,False,0,True,True,duplicate
doc_8bf3ba3870185dec,.pdf,60986,True,pdf_text_extraction_unavailable,False,0,True,True,extraction_unavailable
doc_d7908eb0c145c0df,.pdf,59968,True,pdf_text_extraction_unavailable,False,0,True,True,extraction_unavailable
doc_c3473805b90c7166,.pdf,61119,True,pdf_text_extraction_unavailable,False,0,True,True,extraction_unavailable
doc_5ebc3d296d3a6b5f,.pdf,57646,True,pdf_text_extraction_unavailable,False,0,True,True,extraction_unavailable
doc_9cc4b80fd9d64b0d,.pdf,143069,True,pdf_text_extraction_unavailable,False,0,True,True,extraction_unavailable
doc_9eb89281d7bc7580,.pdf,75564,True,pdf_text_extraction_unavailable,False,0,True,True,extraction_unavailable
doc_d37b802f5a17d699,.pdf,120036,False,not_attempted,False,0,True,True,duplicate
doc_3920967cd4b38360,.pdf,56900,True,pdf_text_extraction_unavailable,False,0,True,True,extraction_unavailable
doc_84272c72e870497e,.pdf,6641343,True,pdf_text_extraction_unavailable,False,0,True,True,extraction_unavailable
doc_5f2bd8b36e97161c,.pdf,59447,True,pdf_text_extraction_unavailable,False,0,True,True,extraction_unavailable
doc_3b7d7d6870e7dce2,.pdf,59763,True,pdf_text_extraction_unavailable,False,0,True,True,extraction_unavailable
doc_025b34eebcf36cb6,.pdf,59794,True,pdf_text_extraction_unavailable,False,0,True,True,extraction_unavailable
doc_b03eb64de6fea625,.pdf,61184,True,pdf_text_extraction_unavailable,False,0,True,True,extraction_unavailable
doc_cc27d8055046113a,.pdf,111822,True,pdf_text_extraction_unavailable,False,0,True,True,extraction_unavailable
doc_a0dbc7d5388dfae3,.pdf,111822,False,not_attempted,False,0,True,True,duplicate
doc_abcbe5b2a5f33230,.pdf,111822,False,not_attempted,False,0,True,True,duplicate
doc_e5003057f1329ff5,.pdf,111822,False,not_attempted,False,0,True,True,duplicate
doc_8810b09e3ac4d266,.pdf,120036,False,not_attempted,False,0,True,True,duplicate
doc_0ac479a6092bd699,.pdf,120036,False,not_attempted,False,0,True,True,duplicate
doc_473e847c77fd3fc2,.pdf,126163,False,not_attempted,False,0,True,True,duplicate
doc_f34d90a35fe84a9c,.pdf,152003,True,pdf_text_extraction_unavailable,False,0,True,True,extraction_unavailable
doc_da1c8bfd66cd71a7,.pdf,143069,False,not_attempted,False,0,True,True,duplicate
doc_e5c31f253c309afc,.pdf,105848,True,pdf_text_extraction_unavailable,False,0,True,True,extraction_unavailable
doc_9922743b5ad3c97a,.pdf,120036,False,not_attempted,False,0,True,True,duplicate
doc_a7a6c6f7c7f96d12,.pdf,126163,False,not_attempted,False,0,True,True,duplicate
doc_474daaa7480dc0f6,.pdf,60329,True,pdf_text_extraction_unavailable,False,0,True,True,extraction_unavailable
doc_b2229d311601db0d,.pdf,126163,False,not_attempted,False,0,True,True,duplicate
doc_3a22b7d8f4a71669,.pdf,105848,False,not_attempted,False,0,True,True,duplicate
doc_4ff3d920232c4a4c,.pdf,78961,True,pdf_text_extraction_unavailable,False,0,True,True,extraction_unavailable
doc_f5715c0002539cfd,.pdf,60697,True,pdf_text_extraction_unavailable,False,0,True,True,extraction_unavailable
doc_ed0bcc96fae6099d,.pdf,120036,False,not_attempted,False,0,True,True,duplicate
doc_9fa0431c5db535d6,.pdf,59871,True,pdf_text_extraction_unavailable,False,0,True,True,extraction_unavailable
doc_879127e405c828b8,.pdf,58768,True,pdf_text_extraction_unavailable,False,0,True,True,extraction_unavailable
doc_e3a0870cfc588532,.pdf,59349,True,pdf_text_extraction_unavailable,False,0,True,True,extraction_unavailable
doc_17f9d0e66c39ac15,.pdf,111822,False,not_attempted,False,0,True,True,duplicate
doc_34d156a34c42a37f,.pdf,120036,False,not_attempted,False,0,True,True,duplicate
doc_64c05474205150ac,.pdf,78961,False,not_attempted,False,0,True,True,duplicate
doc_862ea062762290f2,.pdf,132755,True,pdf_text_extraction_unavailable,False,0,True,True,extraction_unavailable
doc_24693c9bb3d5c1d1,.pdf,124000,True,pdf_text_extraction_unavailable,False,0,True,True,extraction_unavailable
doc_5a10935016a5c3ff,.pdf,79709,True,pdf_text_extraction_unavailable,False,0,True,True,extraction_unavailable
doc_7c36a6348b500705,.pdf,126163,False,not_attempted,False,0,True,True,duplicate
doc_f0a0170e6684b817,.pdf,150555,True,pdf_text_extraction_unavailable,False,0,True,True,extraction_unavailable
doc_f80b50173d649d00,.pdf,143069,False,not_attempted,False,0,True,True,duplicate
doc_f0d69b2abe2526a9,.pdf,87115,True,pdf_text_extraction_unavailable,False,0,True,True,extraction_unavailable
doc_80bcffc1534759dc,.pdf,75564,False,not_attempted,False,0,True,True,duplicate
doc_f579f6a8cd981cf3,.pdf,80831,True,pdf_text_extraction_unavailable,False,0,True,True,extraction_unavailable
doc_1471a5e95122148a,.pdf,62216,True,pdf_text_extraction_unavailable,False,0,True,True,extraction_unavailable
doc_ba42e59992c5f008,.pdf,59839,True,pdf_text_extraction_unavailable,False,0,True,True,extraction_unavailable
doc_badd4f6d5980e2a7,.pdf,58850,True,pdf_text_extraction_unavailable,False,0,True,True,extraction_unavailable
doc_636daa1f738f0b92,.pdf,59713,True,pdf_text_extraction_unavailable,False,0,True,True,extraction_unavailable
doc_5dcd79edefc3caac,.pdf,120036,False,not_attempted,False,0,True,True,duplicate
doc_fd3abba808ebd8cc,.pdf,59713,False,not_attempted,False,0,True,True,duplicate
doc_0cc1e63911b511e6,.pdf,80831,False,not_attempted,False,0,True,True,duplicate
doc_4492f63c3e71985a,.pdf,56840,True,pdf_text_extraction_unavailable,False,0,True,True,extraction_unavailable
doc_ec764330d75cbaa6,.pdf,60210,True,pdf_text_extraction_unavailable,False,0,True,True,extraction_unavailable
doc_cc8ef0ad190b7e11,.pdf,60071,True,pdf_text_extraction_unavailable,False,0,True,True,extraction_unavailable
doc_814804be95d2f6f3,.pdf,111822,False,not_attempted,False,0,True,True,duplicate
doc_4ca72a799dc2f0a1,.pdf,120036,False,not_attempted,False,0,True,True,duplicate
doc_f1751597d8d1037c,.pdf,57129,True,pdf_text_extraction_unavailable,False,0,True,True,extraction_unavailable
doc_21a4c019659c6bf6,.pdf,120036,False,not_attempted,False,0,True,True,duplicate
doc_a9f02a0099fdc67e,.pdf,126163,False,not_attempted,False,0,True,True,duplicate
doc_376f2c04ddd59dc8,.pdf,60326,True,pdf_text_extraction_unavailable,False,0,True,True,extraction_unavailable
doc_f9e1a4b7a697248c,.pdf,59941,True,pdf_text_extraction_unavailable,False,0,True,True,extraction_unavailable
doc_494acd8832261b1d,.pdf,152003,False,not_attempted,False,0,True,True,duplicate
doc_7d857ce2b4f52902,.pdf,143069,False,not_attempted,False,0,True,True,duplicate
doc_786977520f760723,.pdf,75564,False,not_attempted,False,0,True,True,duplicate
doc_8b4b18765ca288bc,.pdf,120036,False,not_attempted,False,0,True,True,duplicate
doc_aa3da243d997ca47,.pdf,126163,False,not_attempted,False,0,True,True,duplicate
doc_28116b1d0ce9e394,.pdf,126163,False,not_attempted,False,0,True,True,duplicate
doc_627873b71564c417,.pdf,78960,True,pdf_text_extraction_unavailable,False,0,True,True,extraction_unavailable
doc_ffabe2adc9f36bb0,.pdf,87115,False,not_attempted,False,0,True,True,duplicate
doc_7d4bee31a8b8e140,.pdf,150555,False,not_attempted,False,0,True,True,duplicate
doc_bbda9d39e33dca95,.pdf,143069,False,not_attempted,False,0,True,True,duplicate
doc_72eb52f762594ab1,.pdf,78961,False,not_attempted,False,0,True,True,duplicate
doc_77bc6e8e9c671d61,.pdf,5958458,True,pdf_text_extraction_unavailable,False,0,True,True,extraction_unavailable
doc_cc36f7135f053e12,.pdf,1881874,True,pdf_text_extraction_unavailable,False,0,True,True,extraction_unavailable
doc_897b6fe7cae48827,.pdf,459322,True,pdf_text_extraction_unavailable,False,0,True,True,extraction_unavailable
doc_7ba515043f58b908,.pdf,1283192,True,pdf_text_extraction_unavailable,False,0,True,True,extraction_unavailable
doc_32b4c7849dc2952e,.pdf,1172393,True,pdf_text_extraction_unavailable,False,0,True,True,extraction_unavailable
doc_5feb38dd4738ece8,.pdf,1648422,True,pdf_text_extraction_unavailable,False,0,True,True,extraction_unavailable
doc_a73ca1d66a399682,.pdf,131440,True,pdf_text_extraction_unavailable,False,0,True,True,extraction_unavailable
doc_bf15cbb8acc630b3,.pdf,26368,True,pdf_text_extraction_unavailable,False,0,True,True,extraction_unavailable
doc_286f60799668acbe,.pdf,274812,True,pdf_text_extraction_unavailable,False,0,True,True,extraction_unavailable
doc_b807cb269829d0ac,.pdf,18997,True,pdf_text_extraction_unavailable,False,0,True,True,extraction_unavailable
doc_2e8dc3be6fa762fd,.pdf,815765,True,pdf_text_extraction_unavailable,False,0,True,True,extraction_unavailable
doc_a00d78d033395ab4,.pdf,21040,True,pdf_text_extraction_unavailable,False,0,True,True,extraction_unavailable
doc_35f90078f21838f7,.pdf,1344287,True,pdf_text_extraction_unavailable,False,0,True,True,extraction_unavailable
doc_29cda08eb360461c,.pdf,42317,True,pdf_text_extraction_unavailable,False,0,True,True,extraction_unavailable
doc_f32fac42c1c16d8d,.pdf,423608,True,pdf_text_extraction_unavailable,False,0,True,True,extraction_unavailable
doc_13ac132f064e2167,.pdf,695101,True,pdf_text_extraction_unavailable,False,0,True,True,extraction_unavailable
doc_22af5f47b7ff8b95,.pdf,259825,True,pdf_text_extraction_unavailable,False,0,True,True,extraction_unavailable
doc_d7d5388143ecb6ca,.pdf,3072501,True,pdf_text_extraction_unavailable,False,0,True,True,extraction_unavailable
doc_968862304f77db0e,.pdf,3314294,True,pdf_text_extraction_unavailable,False,0,True,True,extraction_unavailable
doc_f9252d7cd043b890,.pdf,4646890,True,pdf_text_extraction_unavailable,False,0,True,True,extraction_unavailable
doc_8c25cc87caceb70d,.pdf,4594862,True,pdf_text_extraction_unavailable,False,0,True,True,extraction_unavailable
doc_5310c14465cf50c1,.pdf,127678,True,pdf_text_extraction_unavailable,False,0,True,True,extraction_unavailable
doc_5999ec652a9746f8,.tif,207749,True,image_ocr_unavailable,False,0,True,True,extraction_unavailable
doc_5c9360bacfd1f535,.pdf,3226679,True,pdf_text_extraction_unavailable,False,0,True,True,extraction_unavailable
doc_784297d9c448a6cf,.tif,46625,True,image_ocr_unavailable,False,0,True,True,extraction_unavailable
doc_a98a1fd03812bd8c,.pdf,121339,True,pdf_text_extraction_unavailable,False,0,True,True,extraction_unavailable
doc_1f5f0b05f6d3a0a5,.pdf,7578912,True,pdf_text_extraction_unavailable,False,0,True,True,extraction_unavailable
doc_b003a0481bc98b2e,.pdf,783268,True,pdf_text_extraction_unavailable,False,0,True,True,extraction_unavailable
doc_122f7f0a3bb1897f,.pdf,948680,True,pdf_text_extraction_unavailable,False,0,True,True,extraction_unavailable
doc_4617453670496ede,.pdf,974417,True,pdf_text_extraction_unavailable,False,0,True,True,extraction_unavailable
doc_26183a4e057e65fc,.pdf,2780723,True,pdf_text_extraction_unavailable,False,0,True,True,extraction_unavailable
doc_f1bfd803fa83fe85,.pdf,672151,True,pdf_text_extraction_unavailable,False,0,True,True,extraction_unavailable
doc_cd62e194fb35c0cc,.docx,14489,True,python_docx,True,0,False,False,ready_for_ai_extraction
doc_0ceb5140630e6226,.pdf,248524,True,pdf_text_extraction_unavailable,False,0,True,True,extraction_unavailable
doc_264accc2150796da,.pdf,1452842,True,pdf_text_extraction_unavailable,False,0,True,True,extraction_unavailable
doc_543c115fc9258e87,.pdf,697139,True,pdf_text_extraction_unavailable,False,0,True,True,extraction_unavailable
doc_499dd27c4d54a2e4,.pdf,286245,True,pdf_text_extraction_unavailable,False,0,True,True,extraction_unavailable
doc_70e780c811c81e8f,.pdf,388310,True,pdf_text_extraction_unavailable,False,0,True,True,extraction_unavailable
doc_6faddd21aacbb407,.pdf,4855028,True,pdf_text_extraction_unavailable,False,0,True,True,extraction_unavailable
doc_72755eae8d5954e6,.pdf,464239,True,pdf_text_extraction_unavailable,False,0,True,True,extraction_unavailable
doc_9dcb89bfd1c0e027,.pdf,105956,True,pdf_text_extraction_unavailable,False,0,True,True,extraction_unavailable
doc_16fcabf126454355,.pdf,2602834,True,pdf_text_extraction_unavailable,False,0,True,True,extraction_unavailable
doc_4d1468c639793a64,.pdf,43187,True,pdf_text_extraction_unavailable,False,0,True,True,extraction_unavailable
doc_8cd64495111fbdf4,.pdf,417429,True,pdf_text_extraction_unavailable,False,0,True,True,extraction_unavailable
doc_a493e0afa36fd928,.pdf,147423,True,pdf_text_extraction_unavailable,False,0,True,True,extraction_unavailable
doc_23c6fbdb7a1bdc91,.pdf,403917,True,pdf_text_extraction_unavailable,False,0,True,True,extraction_unavailable
doc_ed22655c1d9a3eb7,.pdf,142740,True,pdf_text_extraction_unavailable,False,0,True,True,extraction_unavailable
doc_71ec65e68ad87985,.pdf,406054,True,pdf_text_extraction_unavailable,False,0,True,True,extraction_unavailable
doc_d54376dc5832c9fc,.pdf,163754,True,pdf_text_extraction_unavailable,False,0,True,True,extraction_unavailable
doc_e197ef21aae54ac0,.pdf,283385,True,pdf_text_extraction_unavailable,False,0,True,True,extraction_unavailable
doc_d3e931f86dd890b4,.pdf,731795,True,pdf_text_extraction_unavailable,False,0,True,True,extraction_unavailable
doc_b01446ba2b744f04,.pdf,413859,True,pdf_text_extraction_unavailable,False,0,True,True,extraction_unavailable
doc_a37042d795369ad8,.pdf,591085,True,pdf_text_extraction_unavailable,False,0,True,True,extraction_unavailable
doc_8068b376ccfef880,.pdf,310894,True,pdf_text_extraction_unavailable,False,0,True,True,extraction_unavailable
doc_eb4b101361745e38,.docx,2036329,True,python_docx,False,0,True,True,extraction_unavailable
doc_225f899aaf8f70d0,.pdf,2718373,True,pdf_text_extraction_unavailable,False,0,True,True,extraction_unavailable
doc_6400e38e56a5027f,.pdf,1138180,True,pdf_text_extraction_unavailable,False,0,True,True,extraction_unavailable
doc_c751154a85e1fc13,.jpg,201004,True,pytesseract,True,0,False,False,ready_for_ai_extraction
doc_0e11f5b8f7f7340e,.jpg,151490,True,pytesseract,True,0,False,False,ready_for_ai_extraction
doc_27e28004f9c37bba,.pdf,798221,True,pdf_text_extraction_unavailable,False,0,True,True,extraction_unavailable
doc_bdc3ef9b2c94e55e,.pdf,4748265,True,pdf_text_extraction_unavailable,False,0,True,True,extraction_unavailable
doc_b9203894bb1168e8,.pdf,325063,True,pdf_text_extraction_unavailable,False,0,True,True,extraction_unavailable
doc_7aa31e928eb0ee5c,.pdf,403419,True,pdf_text_extraction_unavailable,False,0,True,True,extraction_unavailable
doc_f34f7917177b2eb1,.pdf,268307,True,pdf_text_extraction_unavailable,False,0,True,True,extraction_unavailable
doc_8a2cce03d61cc7ed,.pdf,126610,True,pdf_text_extraction_unavailable,False,0,True,True,extraction_unavailable
doc_93302ef9b03118ff,.rtf,43845,True,text_utf-8,True,0,False,False,ready_for_ai_extraction
doc_f801ced270466216,.rtf,44865,True,text_utf-8,True,0,False,False,ready_for_ai_extraction
doc_9da39515979218e3,.rtf,48033,True,text_utf-8,True,0,False,False,ready_for_ai_extraction
doc_775a840dded5da7f,.pdf,342459,True,pdf_text_extraction_unavailable,False,0,True,True,extraction_unavailable
doc_19297aaba4d5af4e,.pdf,344598,True,pdf_text_extraction_unavailable,False,0,True,True,extraction_unavailable
doc_eb1ec9dea962c9a0,.docx,15050,True,python_docx,True,0,False,False,ready_for_ai_extraction
doc_2e98a1e93bd4b3a7,.jpg,5069524,True,pytesseract,True,0,False,False,ready_for_ai_extraction
doc_9cf2881ef57265e9,.pdf,3065016,True,pdf_text_extraction_unavailable,False,0,True,True,extraction_unavailable
doc_317b575bb1ca6962,.jpg,5069524,False,not_attempted,False,0,True,True,duplicate
doc_49fc641aebfd99d2,.pdf,331609,True,pdf_text_extraction_unavailable,False,0,True,True,extraction_unavailable
doc_06e59cef1f7d1bb5,.pdf,3984554,True,pdf_text_extraction_unavailable,False,0,True,True,extraction_unavailable
doc_fcbf45cf02add994,.pdf,80007,True,pdf_text_extraction_unavailable,False,0,True,True,extraction_unavailable
doc_46cfb15ab63f493c,.pdf,297666,True,pdf_text_extraction_unavailable,False,0,True,True,extraction_unavailable
doc_6f68c493516e66a2,.pdf,4519280,True,pdf_text_extraction_unavailable,False,0,True,True,extraction_unavailable
doc_2d93daed5a26411e,.pdf,81787,True,pdf_text_extraction_unavailable,False,0,True,True,extraction_unavailable
doc_c60069b7919e56a9,.pdf,214709,True,pdf_text_extraction_unavailable,False,0,True,True,extraction_unavailable
doc_091822a0986ff532,.pdf,3636389,True,pdf_text_extraction_unavailable,False,0,True,True,extraction_unavailable
doc_3202983e5dd19fa2,.pdf,77617,True,pdf_text_extraction_unavailable,False,0,True,True,extraction_unavailable
doc_ca6185e67bbeba41,.pdf,208357,True,pdf_text_extraction_unavailable,False,0,True,True,extraction_unavailable
doc_11e4fa5f390f79ad,.pdf,13923923,True,pdf_text_extraction_unavailable,False,0,True,True,extraction_unavailable
doc_6d133ed74d4e2c2e,.pdf,79977,True,pdf_text_extraction_unavailable,False,0,True,True,extraction_unavailable
doc_826dc46223ad09a9,.pdf,252634,True,pdf_text_extraction_unavailable,False,0,True,True,extraction_unavailable
doc_67643d25f7d51a78,.pdf,3943039,True,pdf_text_extraction_unavailable,False,0,True,True,extraction_unavailable
doc_577bee0f05296274,.pdf,81236,True,pdf_text_extraction_unavailable,False,0,True,True,extraction_unavailable
doc_867139580ad83e12,.pdf,210411,True,pdf_text_extraction_unavailable,False,0,True,True,extraction_unavailable
doc_676024ad5cbb7133,.pdf,3342822,True,pdf_text_extraction_unavailable,False,0,True,True,extraction_unavailable
doc_a3c93d015dc87146,.pdf,80222,True,pdf_text_extraction_unavailable,False,0,True,True,extraction_unavailable
doc_73aa7dd5afde8323,.pdf,3632462,True,pdf_text_extraction_unavailable,False,0,True,True,extraction_unavailable
doc_620ecb7bf6bb5d5f,.pdf,177302,True,pdf_text_extraction_unavailable,False,0,True,True,extraction_unavailable
doc_21f4127149c29f2f,.pdf,5331120,True,pdf_text_extraction_unavailable,False,0,True,True,extraction_unavailable
doc_49dbdf78d4b61ae4,.pdf,172777,True,pdf_text_extraction_unavailable,False,0,True,True,extraction_unavailable
doc_5219477e02434b9d,.pdf,231139,True,pdf_text_extraction_unavailable,False,0,True,True,extraction_unavailable
doc_55decc874b78bd23,.pdf,246360,True,pdf_text_extraction_unavailable,False,0,True,True,extraction_unavailable
doc_3406485af7a20186,.pdf,227940,True,pdf_text_extraction_unavailable,False,0,True,True,extraction_unavailable
doc_a008fa5faa47184a,.pdf,177562,True,pdf_text_extraction_unavailable,False,0,True,True,extraction_unavailable
doc_76b3ead91d6e3412,.pdf,240298,True,pdf_text_extraction_unavailable,False,0,True,True,extraction_unavailable
doc_bae3484761db43b9,.pdf,309834,True,pdf_text_extraction_unavailable,False,0,True,True,extraction_unavailable
doc_ce3bc2810679005b,.pdf,118926,True,pdf_text_extraction_unavailable,False,0,True,True,extraction_unavailable
doc_45d970847a4cebdc,.pdf,47450,True,pdf_text_extraction_unavailable,False,0,True,True,extraction_unavailable
doc_4379256a62c005b1,.pdf,234808,True,pdf_text_extraction_unavailable,False,0,True,True,extraction_unavailable
doc_935ee8ced7455885,.pdf,255011,True,pdf_text_extraction_unavailable,False,0,True,True,extraction_unavailable
doc_3d2a7ff516474403,.pdf,161460,True,pdf_text_extraction_unavailable,False,0,True,True,extraction_unavailable
doc_97f50596d5c6e1ee,.pdf,521998,True,pdf_text_extraction_unavailable,False,0,True,True,extraction_unavailable
doc_4b88792b74237f5d,.pdf,469846,True,pdf_text_extraction_unavailable,False,0,True,True,extraction_unavailable
doc_7738485685ece2ec,.jpg,205301,True,pytesseract,False,0,True,True,extraction_unavailable
doc_3e58936ec8d9703c,.jpg,210026,True,pytesseract,False,0,True,True,extraction_unavailable
doc_4f8257d1f3424f76,.jpg,208314,True,pytesseract,True,0,False,False,ready_for_ai_extraction
doc_2dc1280738c94245,.pdf,329360,True,pdf_text_extraction_unavailable,False,0,True,True,extraction_unavailable
doc_229b7a5de0d7e56e,.pdf,106241,True,pdf_text_extraction_unavailable,False,0,True,True,extraction_unavailable
doc_a6f1440e40790c2d,.tif,27064,True,pytesseract,True,0,False,False,ready_for_ai_extraction
doc_5060c4318c6670d3,.pdf,201872,True,pdf_text_extraction_unavailable,False,0,True,True,extraction_unavailable
doc_d669c59f40c03522,.pdf,4260266,True,pdf_text_extraction_unavailable,False,0,True,True,extraction_unavailable
doc_084d7d40b935e001,.pdf,501360,True,pdf_text_extraction_unavailable,False,0,True,True,extraction_unavailable
doc_0c099af0212c9795,.pdf,890250,True,pdf_text_extraction_unavailable,False,0,True,True,extraction_unavailable
doc_cefc74d257360e7c,.pdf,731794,True,pdf_text_extraction_unavailable,False,0,True,True,extraction_unavailable
doc_293971ea34c417c5,.pdf,1178933,True,pdf_text_extraction_unavailable,False,0,True,True,extraction_unavailable
doc_67b94c8dd9aaab12,.pdf,738144,True,pdf_text_extraction_unavailable,False,0,True,True,extraction_unavailable
doc_de2f7922e607ecd6,.pdf,2878998,True,pdf_text_extraction_unavailable,False,0,True,True,extraction_unavailable
doc_db81ff91300b37f2,.pdf,1720880,True,pdf_text_extraction_unavailable,False,0,True,True,extraction_unavailable
doc_bf2f43b8016cb785,.pdf,94595,True,pdf_text_extraction_unavailable,False,0,True,True,extraction_unavailable
doc_684e91cdbb32a231,.pdf,126163,False,not_attempted,False,0,True,True,duplicate
doc_630e82dd856f41ae,.pdf,101014,True,pdf_text_extraction_unavailable,False,0,True,True,extraction_unavailable
doc_bb4dfb91dc3299ad,.pdf,62887,True,pdf_text_extraction_unavailable,False,0,True,True,extraction_unavailable
doc_9c1214ae38532989,.pdf,80831,False,not_attempted,False,0,True,True,duplicate
doc_596fb21d956c4cf4,.pdf,87115,False,not_attempted,False,0,True,True,duplicate
doc_93e0bd5b148823a5,.pdf,79709,False,not_attempted,False,0,True,True,duplicate
doc_9af0dff87c8cc384,.pdf,77963,True,pdf_text_extraction_unavailable,False,0,True,True,extraction_unavailable
doc_c9052d0d9764c853,.pdf,72163,True,pdf_text_extraction_unavailable,False,0,True,True,extraction_unavailable
doc_ba5506e9d9193fd5,.pdf,66424,True,pdf_text_extraction_unavailable,False,0,True,True,extraction_unavailable
doc_5bad4139fe3128cb,.pdf,104501,True,pdf_text_extraction_unavailable,False,0,True,True,extraction_unavailable
doc_b1bd65d0bbfe2e06,.pdf,1743058,True,pdf_text_extraction_unavailable,False,0,True,True,extraction_unavailable
doc_33693826ddab2770,.pdf,57779,True,pdf_text_extraction_unavailable,False,0,True,True,extraction_unavailable
doc_28c1948588e10296,.pdf,64098,True,pdf_text_extraction_unavailable,False,0,True,True,extraction_unavailable
doc_7c285e344d958590,.pdf,59689,True,pdf_text_extraction_unavailable,False,0,True,True,extraction_unavailable
doc_8e06d8ef5dfec0b1,.pdf,61616,True,pdf_text_extraction_unavailable,False,0,True,True,extraction_unavailable
doc_61846c64ff2a5087,.pdf,60326,False,not_attempted,False,0,True,True,duplicate
doc_c5ad98d373e01e06,.pdf,60986,False,not_attempted,False,0,True,True,duplicate
doc_50ff75e58dab67d6,.pdf,61194,True,pdf_text_extraction_unavailable,False,0,True,True,extraction_unavailable
doc_110faabdca419cec,.pdf,60673,True,pdf_text_extraction_unavailable,False,0,True,True,extraction_unavailable
doc_47817f1829221a8b,.pdf,62138,True,pdf_text_extraction_unavailable,False,0,True,True,extraction_unavailable
doc_679570d37430622a,.pdf,61440,True,pdf_text_extraction_unavailable,False,0,True,True,extraction_unavailable
doc_4c939f6a16899bb3,.pdf,60440,True,pdf_text_extraction_unavailable,False,0,True,True,extraction_unavailable
doc_652aa0dca4ae6fa4,.pdf,61443,True,pdf_text_extraction_unavailable,False,0,True,True,extraction_unavailable
doc_b8b220fd0f75cb7d,.pdf,59957,True,pdf_text_extraction_unavailable,False,0,True,True,extraction_unavailable
doc_409c0c196f89ee3d,.pdf,54838,True,pdf_text_extraction_unavailable,False,0,True,True,extraction_unavailable
doc_19cee78f18352892,.pdf,59716,True,pdf_text_extraction_unavailable,False,0,True,True,extraction_unavailable
doc_9410692d915a1166,.pdf,59074,True,pdf_text_extraction_unavailable,False,0,True,True,extraction_unavailable
doc_f2c6062355ee812c,.pdf,59848,True,pdf_text_extraction_unavailable,False,0,True,True,extraction_unavailable
doc_a627b668e531987b,.pdf,59447,False,not_attempted,False,0,True,True,duplicate
doc_adf85f961070c743,.pdf,57222,True,pdf_text_extraction_unavailable,False,0,True,True,extraction_unavailable
doc_14a0e285bdc36979,.pdf,58621,True,pdf_text_extraction_unavailable,False,0,True,True,extraction_unavailable
doc_9ba365a99cbb3b5e,.pdf,63235,True,pdf_text_extraction_unavailable,False,0,True,True,extraction_unavailable
doc_de16bfdebdeab8e7,.pdf,63523,True,pdf_text_extraction_unavailable,False,0,True,True,extraction_unavailable
doc_3f406a186e4d1b04,.pdf,61096,True,pdf_text_extraction_unavailable,False,0,True,True,extraction_unavailable
doc_c239e171010f4104,.pdf,55092,True,pdf_text_extraction_unavailable,False,0,True,True,extraction_unavailable
doc_38209fd85673fd96,.pdf,55711,True,pdf_text_extraction_unavailable,False,0,True,True,extraction_unavailable
doc_85bcd298c10d5672,.pdf,58603,True,pdf_text_extraction_unavailable,False,0,True,True,extraction_unavailable
doc_a887c686f0d6d9ef,.pdf,58232,True,pdf_text_extraction_unavailable,False,0,True,True,extraction_unavailable
doc_16972b7323cc34ce,.pdf,55405,True,pdf_text_extraction_unavailable,False,0,True,True,extraction_unavailable
doc_50339f7b8d2d779e,.pdf,54501,True,pdf_text_extraction_unavailable,False,0,True,True,extraction_unavailable
doc_cb86764e6ebed5e9,.pdf,60754,True,pdf_text_extraction_unavailable,False,0,True,True,extraction_unavailable
doc_826192ccec8304f6,.pdf,58920,True,pdf_text_extraction_unavailable,False,0,True,True,extraction_unavailable
doc_baec0548a5c1d0b8,.pdf,58031,True,pdf_text_extraction_unavailable,False,0,True,True,extraction_unavailable
doc_c9e0b5624134f514,.pdf,58223,True,pdf_text_extraction_unavailable,False,0,True,True,extraction_unavailable
doc_2e34d61f526989cc,.pdf,57383,True,pdf_text_extraction_unavailable,False,0,True,True,extraction_unavailable
doc_6da4b3e87823f78b,.pdf,60697,False,not_attempted,False,0,True,True,duplicate
doc_bdffc067c898399a,.pdf,63425,True,pdf_text_extraction_unavailable,False,0,True,True,extraction_unavailable
doc_e1fa8d1b419a76b0,.pdf,59839,False,not_attempted,False,0,True,True,duplicate
doc_9ac69a3c809290c7,.pdf,62216,False,not_attempted,False,0,True,True,duplicate
doc_f0b20322f8e6da67,.pdf,59871,False,not_attempted,False,0,True,True,duplicate
doc_1b6bfa86e1416b32,.pdf,62658,True,pdf_text_extraction_unavailable,False,0,True,True,extraction_unavailable
doc_82126b6863e161f2,.pdf,56108,True,pdf_text_extraction_unavailable,False,0,True,True,extraction_unavailable
doc_9a98ab61a4c4087d,.pdf,57235,True,pdf_text_extraction_unavailable,False,0,True,True,extraction_unavailable
doc_fe8101d912f39735,.pdf,55765,True,pdf_text_extraction_unavailable,False,0,True,True,extraction_unavailable
doc_039c5d929e0e7e59,.pdf,60759,True,pdf_text_extraction_unavailable,False,0,True,True,extraction_unavailable
doc_282ae22057925164,.pdf,61655,True,pdf_text_extraction_unavailable,False,0,True,True,extraction_unavailable
doc_616c5ac7f86de9c7,.pdf,61350,True,pdf_text_extraction_unavailable,False,0,True,True,extraction_unavailable
doc_734e6574e7e00444,.pdf,56638,True,pdf_text_extraction_unavailable,False,0,True,True,extraction_unavailable
doc_34e44e6ac2b92baa,.pdf,59682,True,pdf_text_extraction_unavailable,False,0,True,True,extraction_unavailable
doc_508091aa3df55a44,.pdf,58581,True,pdf_text_extraction_unavailable,False,0,True,True,extraction_unavailable
doc_2098064df6c75fce,.pdf,59727,True,pdf_text_extraction_unavailable,False,0,True,True,extraction_unavailable
doc_17ca1c0d14923285,.pdf,57010,True,pdf_text_extraction_unavailable,False,0,True,True,extraction_unavailable
doc_d747cbacfbcb1214,.pdf,56654,True,pdf_text_extraction_unavailable,False,0,True,True,extraction_unavailable
doc_d4974a7147f394ad,.pdf,57604,True,pdf_text_extraction_unavailable,False,0,True,True,extraction_unavailable
doc_1c4f718ce375582f,.pdf,55922,True,pdf_text_extraction_unavailable,False,0,True,True,extraction_unavailable
doc_a985c043662fdf58,.pdf,59778,True,pdf_text_extraction_unavailable,False,0,True,True,extraction_unavailable
doc_387c652b4ccd3d1c,.pdf,58675,True,pdf_text_extraction_unavailable,False,0,True,True,extraction_unavailable
doc_95500789d4c33c6a,.pdf,59320,True,pdf_text_extraction_unavailable,False,0,True,True,extraction_unavailable
doc_15614fa50186858b,.pdf,56278,True,pdf_text_extraction_unavailable,False,0,True,True,extraction_unavailable
doc_c391fff188151988,.pdf,56246,True,pdf_text_extraction_unavailable,False,0,True,True,extraction_unavailable
doc_a59ccf6434a11ea7,.pdf,60210,False,not_attempted,False,0,True,True,duplicate
doc_aabbbc91381a6625,.pdf,56160,True,pdf_text_extraction_unavailable,False,0,True,True,extraction_unavailable
doc_76857930f2a658ac,.pdf,57037,True,pdf_text_extraction_unavailable,False,0,True,True,extraction_unavailable
doc_332df2d11d1c3a4f,.pdf,58591,True,pdf_text_extraction_unavailable,False,0,True,True,extraction_unavailable
doc_8f842aabde40843e,.pdf,59319,True,pdf_text_extraction_unavailable,False,0,True,True,extraction_unavailable
doc_9f9c1f4cede74a69,.pdf,59010,True,pdf_text_extraction_unavailable,False,0,True,True,extraction_unavailable
doc_164396d847d52f93,.pdf,56925,True,pdf_text_extraction_unavailable,False,0,True,True,extraction_unavailable
doc_462ef37be1e18aeb,.pdf,59447,True,pdf_text_extraction_unavailable,False,0,True,True,extraction_unavailable
doc_eca17b845b393da4,.pdf,59403,True,pdf_text_extraction_unavailable,False,0,True,True,extraction_unavailable
doc_0684a9aeb49e98e2,.pdf,58681,True,pdf_text_extraction_unavailable,False,0,True,True,extraction_unavailable
doc_8f3a582aa9bf371f,.pdf,58737,True,pdf_text_extraction_unavailable,False,0,True,True,extraction_unavailable
doc_115d84e8df98d92b,.pdf,58623,True,pdf_text_extraction_unavailable,False,0,True,True,extraction_unavailable
doc_67403fefe0ec3934,.pdf,58187,True,pdf_text_extraction_unavailable,False,0,True,True,extraction_unavailable
doc_0a9d0bc941d5fdf3,.pdf,57315,True,pdf_text_extraction_unavailable,False,0,True,True,extraction_unavailable
doc_79690b9a10a4424b,.pdf,56050,True,pdf_text_extraction_unavailable,False,0,True,True,extraction_unavailable
doc_868592f23aff5be5,.pdf,59023,True,pdf_text_extraction_unavailable,False,0,True,True,extraction_unavailable
doc_ca1150e5f23b9d11,.pdf,57181,True,pdf_text_extraction_unavailable,False,0,True,True,extraction_unavailable
doc_7f6983f59e66cca0,.pdf,63312,True,pdf_text_extraction_unavailable,False,0,True,True,extraction_unavailable
doc_9dcc6bb5aeefd0fe,.pdf,60829,True,pdf_text_extraction_unavailable,False,0,True,True,extraction_unavailable
doc_ef27b9c41b34d8d5,.pdf,57913,True,pdf_text_extraction_unavailable,False,0,True,True,extraction_unavailable
doc_2975a20a8114131d,.pdf,60661,True,pdf_text_extraction_unavailable,False,0,True,True,extraction_unavailable
doc_44fa698812db7f53,.pdf,57129,False,not_attempted,False,0,True,True,duplicate
doc_94aedd29c2c61986,.pdf,59113,True,pdf_text_extraction_unavailable,False,0,True,True,extraction_unavailable
doc_0b7940dc37e0ce9b,.pdf,63736,True,pdf_text_extraction_unavailable,False,0,True,True,extraction_unavailable
doc_cb4a0a9344d65704,.pdf,56900,False,not_attempted,False,0,True,True,duplicate
doc_5f619dddb7dfa640,.pdf,57341,True,pdf_text_extraction_unavailable,False,0,True,True,extraction_unavailable
doc_77ddde926439c13d,.pdf,6641343,False,not_attempted,False,0,True,True,duplicate
doc_b1b7113c20b95331,.pdf,998245,True,pdf_text_extraction_unavailable,False,0,True,True,extraction_unavailable
doc_bedfd53385b6692d,.pdf,1250727,True,pdf_text_extraction_unavailable,False,0,True,True,extraction_unavailable
doc_8e4b8fe8f2f72c40,.pdf,1358467,True,pdf_text_extraction_unavailable,False,0,True,True,extraction_unavailable
doc_70a1b6913b2de3c2,.pdf,1331699,True,pdf_text_extraction_unavailable,False,0,True,True,extraction_unavailable
doc_85cf585dc407e030,.pdf,60097,True,pdf_text_extraction_unavailable,False,0,True,True,extraction_unavailable
doc_621b764568d2a548,.pdf,59872,True,pdf_text_extraction_unavailable,False,0,True,True,extraction_unavailable
doc_f2834b18f9688a96,.pdf,58345,True,pdf_text_extraction_unavailable,False,0,True,True,extraction_unavailable
doc_6f042776c7b1f2dd,.pdf,63831,True,pdf_text_extraction_unavailable,False,0,True,True,extraction_unavailable
doc_436a9198366427cd,.pdf,59037,True,pdf_text_extraction_unavailable,False,0,True,True,extraction_unavailable
doc_976f3cf18f58e334,.pdf,60841,True,pdf_text_extraction_unavailable,False,0,True,True,extraction_unavailable
doc_d5d90e8672ad508d,.pdf,58040,True,pdf_text_extraction_unavailable,False,0,True,True,extraction_unavailable
doc_04de0b5de86d031f,.pdf,58118,True,pdf_text_extraction_unavailable,False,0,True,True,extraction_unavailable
doc_c252ee5192f84d6b,.pdf,59968,False,not_attempted,False,0,True,True,duplicate
doc_27a09b739fea3e23,.pdf,60657,True,pdf_text_extraction_unavailable,False,0,True,True,extraction_unavailable
doc_eadc28a8ad085704,.pdf,60428,True,pdf_text_extraction_unavailable,False,0,True,True,extraction_unavailable
doc_039204b310c7fbf9,.pdf,61690,True,pdf_text_extraction_unavailable,False,0,True,True,extraction_unavailable
doc_1063292258e503cd,.pdf,61220,True,pdf_text_extraction_unavailable,False,0,True,True,extraction_unavailable
doc_24af7e37bf5578fe,.pdf,59855,True,pdf_text_extraction_unavailable,False,0,True,True,extraction_unavailable
doc_7d007a812d812fbc,.pdf,61201,True,pdf_text_extraction_unavailable,False,0,True,True,extraction_unavailable
doc_63978581f1f79c35,.pdf,59203,True,pdf_text_extraction_unavailable,False,0,True,True,extraction_unavailable
doc_c0b70aa5e0f57759,.pdf,54593,True,pdf_text_extraction_unavailable,False,0,True,True,extraction_unavailable
doc_30288b4b6d34bcd3,.pdf,59259,True,pdf_text_extraction_unavailable,False,0,True,True,extraction_unavailable
doc_18bba0815f2d4d2c,.pdf,59612,True,pdf_text_extraction_unavailable,False,0,True,True,extraction_unavailable
doc_f06a41cd9dd7f46c,.pdf,58470,True,pdf_text_extraction_unavailable,False,0,True,True,extraction_unavailable
doc_ea7db8ba2f94c4bc,.pdf,59763,False,not_attempted,False,0,True,True,duplicate
doc_c48606b4263ed368,.pdf,56495,True,pdf_text_extraction_unavailable,False,0,True,True,extraction_unavailable
doc_e627aa7e6e9b6dea,.pdf,59198,True,pdf_text_extraction_unavailable,False,0,True,True,extraction_unavailable
doc_169ab6f73ecef0b9,.pdf,62217,True,pdf_text_extraction_unavailable,False,0,True,True,extraction_unavailable
doc_7ce47083a693f570,.pdf,63509,True,pdf_text_extraction_unavailable,False,0,True,True,extraction_unavailable
doc_4c178695e4d4b78d,.pdf,60863,True,pdf_text_extraction_unavailable,False,0,True,True,extraction_unavailable
doc_480e8b83e9e2a78a,.pdf,54862,True,pdf_text_extraction_unavailable,False,0,True,True,extraction_unavailable
doc_5a394ce275bc2b97,.pdf,57901,True,pdf_text_extraction_unavailable,False,0,True,True,extraction_unavailable
doc_e6d740f74ccf7ccd,.pdf,60329,False,not_attempted,False,0,True,True,duplicate
doc_76a6f1495c2ee03e,.pdf,55631,True,pdf_text_extraction_unavailable,False,0,True,True,extraction_unavailable
doc_1e6b8296f4adc125,.pdf,54250,True,pdf_text_extraction_unavailable,False,0,True,True,extraction_unavailable
doc_c252ea1f80ce27d5,.pdf,57120,True,pdf_text_extraction_unavailable,False,0,True,True,extraction_unavailable
doc_8cd4c423a914e9e2,.pdf,63184,True,pdf_text_extraction_unavailable,False,0,True,True,extraction_unavailable
doc_1defcdbf1e5b8648,.pdf,58850,False,not_attempted,False,0,True,True,duplicate
doc_b429b2dd9710db3c,.pdf,59713,False,not_attempted,False,0,True,True,duplicate
doc_0db70cb112455838,.pdf,58768,False,not_attempted,False,0,True,True,duplicate
doc_4964d8644fa321d3,.pdf,57133,True,pdf_text_extraction_unavailable,False,0,True,True,extraction_unavailable
doc_94db8b7687852d62,.pdf,61909,True,pdf_text_extraction_unavailable,False,0,True,True,extraction_unavailable
doc_21dad6a9d1a2869d,.pdf,55582,True,pdf_text_extraction_unavailable,False,0,True,True,extraction_unavailable
doc_693d2dbbf5754c9e,.pdf,56932,True,pdf_text_extraction_unavailable,False,0,True,True,extraction_unavailable
doc_acdd6706102adad0,.pdf,55539,True,pdf_text_extraction_unavailable,False,0,True,True,extraction_unavailable
doc_f47cc56bd8e7820a,.pdf,61433,True,pdf_text_extraction_unavailable,False,0,True,True,extraction_unavailable
doc_ade924497d5580ea,.pdf,60613,True,pdf_text_extraction_unavailable,False,0,True,True,extraction_unavailable
doc_8ac4f19a3417fb48,.pdf,56552,True,pdf_text_extraction_unavailable,False,0,True,True,extraction_unavailable
doc_fd6959c5e31805c3,.pdf,58915,True,pdf_text_extraction_unavailable,False,0,True,True,extraction_unavailable
doc_9343f639b6c48173,.pdf,58904,True,pdf_text_extraction_unavailable,False,0,True,True,extraction_unavailable
doc_534ed6717d63438f,.pdf,57325,True,pdf_text_extraction_unavailable,False,0,True,True,extraction_unavailable
doc_71d2ec55e2a93f4d,.pdf,56243,True,pdf_text_extraction_unavailable,False,0,True,True,extraction_unavailable
doc_e009e8c7b92c7b60,.pdf,59850,True,pdf_text_extraction_unavailable,False,0,True,True,extraction_unavailable
doc_297938c16befccfa,.pdf,55477,True,pdf_text_extraction_unavailable,False,0,True,True,extraction_unavailable
doc_724e180598159fd0,.pdf,60071,False,not_attempted,False,0,True,True,duplicate
doc_6c4bb8ea6d0df5b5,.pdf,55378,True,pdf_text_extraction_unavailable,False,0,True,True,extraction_unavailable
doc_f687676e584e529b,.pdf,61720,True,pdf_text_extraction_unavailable,False,0,True,True,extraction_unavailable
doc_4fafd2635a8beee7,.pdf,57411,True,pdf_text_extraction_unavailable,False,0,True,True,extraction_unavailable
doc_dab211e0a70a2f0c,.pdf,1434302,True,pdf_text_extraction_unavailable,False,0,True,True,extraction_unavailable
doc_7e9bedd04928005c,.pdf,1158932,True,pdf_text_extraction_unavailable,False,0,True,True,extraction_unavailable
doc_9eadd99322dcb465,.pdf,1505699,True,pdf_text_extraction_unavailable,False,0,True,True,extraction_unavailable
doc_7e9f15ad33c4d4cb,.pdf,6641343,False,not_attempted,False,0,True,True,duplicate
doc_e129af09628a3993,.pdf,1568670,True,pdf_text_extraction_unavailable,False,0,True,True,extraction_unavailable
doc_625f3ed93e1c7106,.pdf,58016,True,pdf_text_extraction_unavailable,False,0,True,True,extraction_unavailable
doc_a83a8bf01e789819,.pdf,60692,True,pdf_text_extraction_unavailable,False,0,True,True,extraction_unavailable
doc_065cc38458f65b9a,.pdf,59941,False,not_attempted,False,0,True,True,duplicate
doc_2e96a7527f419267,.pdf,61119,False,not_attempted,False,0,True,True,duplicate
doc_f68f51b7721fb4c7,.pdf,59399,True,pdf_text_extraction_unavailable,False,0,True,True,extraction_unavailable
doc_4353a7acae2abd43,.pdf,59242,True,pdf_text_extraction_unavailable,False,0,True,True,extraction_unavailable
doc_91a92ccad480a156,.pdf,59794,False,not_attempted,False,0,True,True,duplicate
doc_4a3d939b4706853f,.pdf,61184,False,not_attempted,False,0,True,True,duplicate
doc_c5e314ab6c62fd1c,.pdf,54556,True,pdf_text_extraction_unavailable,False,0,True,True,extraction_unavailable
doc_67bf26ed53b86bb8,.pdf,59349,False,not_attempted,False,0,True,True,duplicate
doc_1f27d8d3a387d905,.pdf,58889,True,pdf_text_extraction_unavailable,False,0,True,True,extraction_unavailable
doc_b5b512c95ccc2808,.pdf,58634,True,pdf_text_extraction_unavailable,False,0,True,True,extraction_unavailable
doc_2d903304c81c9367,.pdf,60953,True,pdf_text_extraction_unavailable,False,0,True,True,extraction_unavailable
doc_e6183ef58207d226,.pdf,812611,True,pdf_text_extraction_unavailable,False,0,True,True,extraction_unavailable
doc_7d22c552d0225023,.pdf,57730,True,pdf_text_extraction_unavailable,False,0,True,True,extraction_unavailable
doc_35f101efd769dfb1,.pdf,60581,True,pdf_text_extraction_unavailable,False,0,True,True,extraction_unavailable
doc_f338fd0bb1e8a7a3,.pdf,57510,True,pdf_text_extraction_unavailable,False,0,True,True,extraction_unavailable
doc_c71b44fdb4a8aa1e,.pdf,59623,True,pdf_text_extraction_unavailable,False,0,True,True,extraction_unavailable
doc_9c706a83b0c1ae24,.pdf,60687,True,pdf_text_extraction_unavailable,False,0,True,True,extraction_unavailable
doc_ccb00c1cf37548bd,.pdf,55199,True,pdf_text_extraction_unavailable,False,0,True,True,extraction_unavailable
doc_f6d9b3865efc6800,.pdf,58715,False,not_attempted,False,0,True,True,duplicate
doc_364b6e323c224651,.pdf,57646,False,not_attempted,False,0,True,True,duplicate
doc_4fff688f9c336806,.pdf,59104,True,pdf_text_extraction_unavailable,False,0,True,True,extraction_unavailable
doc_032fab25a2fc8dcf,.pdf,61037,True,pdf_text_extraction_unavailable,False,0,True,True,extraction_unavailable
doc_25639b0b98dbfb06,.pdf,59701,True,pdf_text_extraction_unavailable,False,0,True,True,extraction_unavailable
doc_45312d1872a18574,.pdf,56005,True,pdf_text_extraction_unavailable,False,0,True,True,extraction_unavailable
doc_74de0f2787744dc4,.pdf,60588,True,pdf_text_extraction_unavailable,False,0,True,True,extraction_unavailable
doc_b92e445dc8f6df29,.pdf,59482,True,pdf_text_extraction_unavailable,False,0,True,True,extraction_unavailable
doc_124565534b75bce8,.pdf,59533,True,pdf_text_extraction_unavailable,False,0,True,True,extraction_unavailable
doc_c48a0f49e46d124d,.pdf,56719,True,pdf_text_extraction_unavailable,False,0,True,True,extraction_unavailable
doc_192a428a016abbc2,.pdf,58799,True,pdf_text_extraction_unavailable,False,0,True,True,extraction_unavailable
doc_0499d309e9285d29,.pdf,63932,True,pdf_text_extraction_unavailable,False,0,True,True,extraction_unavailable
doc_835e5d1ecaa7352f,.pdf,66880,True,pdf_text_extraction_unavailable,False,0,True,True,extraction_unavailable
doc_493ad88767c2f96c,.pdf,59238,True,pdf_text_extraction_unavailable,False,0,True,True,extraction_unavailable
doc_ac2e8a2b47490834,.pdf,60258,True,pdf_text_extraction_unavailable,False,0,True,True,extraction_unavailable
doc_109faad43c42e2fb,.pdf,57805,True,pdf_text_extraction_unavailable,False,0,True,True,extraction_unavailable
doc_a7ce3c1e0859368b,.pdf,58638,True,pdf_text_extraction_unavailable,False,0,True,True,extraction_unavailable
doc_ba2151143dfe54e9,.pdf,56283,True,pdf_text_extraction_unavailable,False,0,True,True,extraction_unavailable
doc_a1a40192479e1640,.pdf,57457,True,pdf_text_extraction_unavailable,False,0,True,True,extraction_unavailable
doc_d0b1d21ec843de15,.pdf,62670,True,pdf_text_extraction_unavailable,False,0,True,True,extraction_unavailable
doc_e28abc9c0997787c,.pdf,57293,True,pdf_text_extraction_unavailable,False,0,True,True,extraction_unavailable
doc_2afaf95325c8b6bf,.pdf,60350,True,pdf_text_extraction_unavailable,False,0,True,True,extraction_unavailable
doc_f1f21a719c38541c,.pdf,61741,True,pdf_text_extraction_unavailable,False,0,True,True,extraction_unavailable
doc_b5ea23900361a059,.pdf,56805,True,pdf_text_extraction_unavailable,False,0,True,True,extraction_unavailable
doc_d2c9d56406ca3d71,.pdf,57370,True,pdf_text_extraction_unavailable,False,0,True,True,extraction_unavailable
doc_389f0b84e022a687,.pdf,55474,True,pdf_text_extraction_unavailable,False,0,True,True,extraction_unavailable
doc_291ad1a76c1d9bfd,.pdf,59341,True,pdf_text_extraction_unavailable,False,0,True,True,extraction_unavailable
doc_6aaeff06cedd8bb7,.pdf,61302,True,pdf_text_extraction_unavailable,False,0,True,True,extraction_unavailable
doc_fd4cc2f4d287955a,.pdf,56840,False,not_attempted,False,0,True,True,duplicate
doc_17b28e7bb55ec816,.pdf,59363,True,pdf_text_extraction_unavailable,False,0,True,True,extraction_unavailable
doc_61727afadfd64f11,.pdf,60214,True,pdf_text_extraction_unavailable,False,0,True,True,extraction_unavailable
doc_2f1125dfffcd6939,.pdf,56302,True,pdf_text_extraction_unavailable,False,0,True,True,extraction_unavailable
doc_3b0512d4ba29133c,.pdf,56486,True,pdf_text_extraction_unavailable,False,0,True,True,extraction_unavailable
doc_a2dd3760017c73b1,.pdf,60688,True,pdf_text_extraction_unavailable,False,0,True,True,extraction_unavailable
doc_3571b8fd1b8ae9b9,.pdf,60260,True,pdf_text_extraction_unavailable,False,0,True,True,extraction_unavailable
doc_20ff725e7ca7aeb4,.pdf,57498,True,pdf_text_extraction_unavailable,False,0,True,True,extraction_unavailable
doc_972d066365c59def,.pdf,56875,True,pdf_text_extraction_unavailable,False,0,True,True,extraction_unavailable
doc_fac248892283dfc8,.pdf,58820,True,pdf_text_extraction_unavailable,False,0,True,True,extraction_unavailable
doc_77753c0c319fcaaa,.pdf,63606,True,pdf_text_extraction_unavailable,False,0,True,True,extraction_unavailable
doc_a59c11e0596271b4,.pdf,58447,True,pdf_text_extraction_unavailable,False,0,True,True,extraction_unavailable
doc_f647b8fa3710dca5,.pdf,59725,True,pdf_text_extraction_unavailable,False,0,True,True,extraction_unavailable
doc_798d20a2b564984e,.pdf,64246,True,pdf_text_extraction_unavailable,False,0,True,True,extraction_unavailable
doc_4a057c2a8ea2c57d,.pdf,57028,True,pdf_text_extraction_unavailable,False,0,True,True,extraction_unavailable
doc_4ce2567ca416ba31,.pdf,56750,True,pdf_text_extraction_unavailable,False,0,True,True,extraction_unavailable
doc_ec44f37e8e4851f5,.pdf,57539,True,pdf_text_extraction_unavailable,False,0,True,True,extraction_unavailable
doc_a36b31eb3beaf4ad,.pdf,57496,True,pdf_text_extraction_unavailable,False,0,True,True,extraction_unavailable
doc_895b8dafa4800026,.pdf,60966,True,pdf_text_extraction_unavailable,False,0,True,True,extraction_unavailable
doc_6428a0d6ff0993f5,.pdf,56374,True,pdf_text_extraction_unavailable,False,0,True,True,extraction_unavailable
doc_222eb30976c1c974,.pdf,56965,True,pdf_text_extraction_unavailable,False,0,True,True,extraction_unavailable
doc_015d3c111db4712d,.pdf,58366,True,pdf_text_extraction_unavailable,False,0,True,True,extraction_unavailable
doc_44b4096ed026e2ff,.pdf,60342,True,pdf_text_extraction_unavailable,False,0,True,True,extraction_unavailable
doc_f46934f89bfb6918,.pdf,64146,True,pdf_text_extraction_unavailable,False,0,True,True,extraction_unavailable
doc_647f36bece92c2f2,.pdf,60615,True,pdf_text_extraction_unavailable,False,0,True,True,extraction_unavailable
doc_f1acab3663d7a46a,.pdf,59562,True,pdf_text_extraction_unavailable,False,0,True,True,extraction_unavailable
doc_73c3c06f499acdc2,.pdf,56611,True,pdf_text_extraction_unavailable,False,0,True,True,extraction_unavailable
doc_7e90b8d2e2e1b48e,.pdf,3671663,True,pdf_text_extraction_unavailable,False,0,True,True,extraction_unavailable
doc_c23237f39ad3c4f8,.pdf,58784,False,not_attempted,False,0,True,True,duplicate
doc_c9982eb0d9ba2b76,.pdf,149189,True,pdf_text_extraction_unavailable,False,0,True,True,extraction_unavailable
doc_212cf21ebeb2a90a,.pdf,152003,False,not_attempted,False,0,True,True,duplicate
doc_279eca17e8b108aa,.pdf,54418,True,pdf_text_extraction_unavailable,False,0,True,True,extraction_unavailable
doc_df08fe6d97a7d4d7,.pdf,60012,True,pdf_text_extraction_unavailable,False,0,True,True,extraction_unavailable
doc_553eac9d164bf9e5,.pdf,105938,True,pdf_text_extraction_unavailable,False,0,True,True,extraction_unavailable
doc_0142f75560ce3531,.pdf,123173,True,pdf_text_extraction_unavailable,False,0,True,True,extraction_unavailable
doc_0bb1eba12b71119d,.pdf,68603,True,pdf_text_extraction_unavailable,False,0,True,True,extraction_unavailable
doc_772597ed074b9903,.pdf,56629,False,not_attempted,False,0,True,True,duplicate
doc_4a2a4135c2d17342,.pdf,56471,True,pdf_text_extraction_unavailable,False,0,True,True,extraction_unavailable
doc_5f6f08be35b8337a,.pdf,139108,True,pdf_text_extraction_unavailable,False,0,True,True,extraction_unavailable
doc_bdbb3ae60f39ea2b,.pdf,143069,False,not_attempted,False,0,True,True,duplicate
doc_d2a56a89004a4883,.pdf,92830,True,pdf_text_extraction_unavailable,False,0,True,True,extraction_unavailable
doc_7fd00a91a3443873,.pdf,92519,True,pdf_text_extraction_unavailable,False,0,True,True,extraction_unavailable
doc_6019eb27784793a3,.pdf,61429,True,pdf_text_extraction_unavailable,False,0,True,True,extraction_unavailable
doc_ee82f3349404cb65,.pdf,66095,True,pdf_text_extraction_unavailable,False,0,True,True,extraction_unavailable
doc_dba234be57b5e0d7,.pdf,56814,True,pdf_text_extraction_unavailable,False,0,True,True,extraction_unavailable
doc_51dad4aab829bb0b,.pdf,111822,False,not_attempted,False,0,True,True,duplicate
doc_daccc3f8760f7933,.pdf,68688,True,pdf_text_extraction_unavailable,False,0,True,True,extraction_unavailable
doc_e856d96a7f6085c6,.pdf,74576,True,pdf_text_extraction_unavailable,False,0,True,True,extraction_unavailable
doc_8a2dd52123a67eb3,.pdf,62182,True,pdf_text_extraction_unavailable,False,0,True,True,extraction_unavailable
doc_c9680fa3a16d975e,.pdf,52750,True,pdf_text_extraction_unavailable,False,0,True,True,extraction_unavailable
doc_e7bf6beb8638d40d,.pdf,63802,True,pdf_text_extraction_unavailable,False,0,True,True,extraction_unavailable
doc_56169c356488ef34,.pdf,58723,True,pdf_text_extraction_unavailable,False,0,True,True,extraction_unavailable
doc_228fbc2973dd308e,.pdf,59089,True,pdf_text_extraction_unavailable,False,0,True,True,extraction_unavailable
doc_ae7c4da4e61c5306,.pdf,118158,True,pdf_text_extraction_unavailable,False,0,True,True,extraction_unavailable
doc_6489d6ec6ce55918,.pdf,60282,True,pdf_text_extraction_unavailable,False,0,True,True,extraction_unavailable
doc_9e5f22345439dada,.pdf,1299875,True,pdf_text_extraction_unavailable,False,0,True,True,extraction_unavailable
doc_a24d6da17c14dd7c,.pdf,61587,True,pdf_text_extraction_unavailable,False,0,True,True,extraction_unavailable
doc_57b73a95dfb933d1,.pdf,335219,True,pdf_text_extraction_unavailable,False,0,True,True,extraction_unavailable
doc_fdee45d5151bf3b2,.pdf,105848,False,not_attempted,False,0,True,True,duplicate
doc_926b0f274e9e6df0,.pdf,331835,True,pdf_text_extraction_unavailable,False,0,True,True,extraction_unavailable
doc_96a30d9d9d6fd513,.pdf,140420,True,pdf_text_extraction_unavailable,False,0,True,True,extraction_unavailable
doc_0f5e75122561fe1e,.pdf,323776,True,pdf_text_extraction_unavailable,False,0,True,True,extraction_unavailable
doc_748a9c939b52a179,.pdf,41935,True,pdf_text_extraction_unavailable,False,0,True,True,extraction_unavailable
doc_ec2a4080983207dc,.pdf,139893,True,pdf_text_extraction_unavailable,False,0,True,True,extraction_unavailable
doc_f17b21b538c3607d,.pdf,95523,True,pdf_text_extraction_unavailable,False,0,True,True,extraction_unavailable
doc_0cab1a5e7fc46222,.pdf,317697,True,pdf_text_extraction_unavailable,False,0,True,True,extraction_unavailable
doc_5ee1a3e3b1b11295,.pdf,51413,True,pdf_text_extraction_unavailable,False,0,True,True,extraction_unavailable
doc_40b88516fcc47778,.pdf,319895,True,pdf_text_extraction_unavailable,False,0,True,True,extraction_unavailable
doc_23597221cfd70a23,.pdf,59357,True,pdf_text_extraction_unavailable,False,0,True,True,extraction_unavailable
doc_4d55caf610a01e67,.pdf,326209,True,pdf_text_extraction_unavailable,False,0,True,True,extraction_unavailable
doc_225761c80d90bbbf,.pdf,56170,True,pdf_text_extraction_unavailable,False,0,True,True,extraction_unavailable
doc_c72243b867e2b9ee,.pdf,336247,True,pdf_text_extraction_unavailable,False,0,True,True,extraction_unavailable
doc_b2649b7627aa9cf6,.pdf,102726,True,pdf_text_extraction_unavailable,False,0,True,True,extraction_unavailable
doc_1e67e5da08fc720c,.pdf,73152,True,pdf_text_extraction_unavailable,False,0,True,True,extraction_unavailable
doc_578e86b38f9fc9c6,.pdf,68049,True,pdf_text_extraction_unavailable,False,0,True,True,extraction_unavailable
doc_3ec53dad93820118,.pdf,62512,True,pdf_text_extraction_unavailable,False,0,True,True,extraction_unavailable
doc_45f0fcde9d284215,.pdf,56656,True,pdf_text_extraction_unavailable,False,0,True,True,extraction_unavailable
doc_11799f31e6b1bf2d,.pdf,120036,False,not_attempted,False,0,True,True,duplicate
doc_a5a2293b02b5b8c0,.pdf,139913,True,pdf_text_extraction_unavailable,False,0,True,True,extraction_unavailable
doc_27e099b8c9dffb5f,.pdf,139595,True,pdf_text_extraction_unavailable,False,0,True,True,extraction_unavailable
doc_c2547a4518bf18b5,.pdf,63476,True,pdf_text_extraction_unavailable,False,0,True,True,extraction_unavailable
doc_957bf858445379c6,.pdf,68407,True,pdf_text_extraction_unavailable,False,0,True,True,extraction_unavailable
doc_912c11bf88bacece,.pdf,116250,True,pdf_text_extraction_unavailable,False,0,True,True,extraction_unavailable
doc_0bc2168ebd16f272,.pdf,2707773,True,pdf_text_extraction_unavailable,False,0,True,True,extraction_unavailable
doc_76a73d752b2d7fb8,.pdf,83269,True,pdf_text_extraction_unavailable,False,0,True,True,extraction_unavailable
doc_96ae84e9b36b546e,.pdf,74914,True,pdf_text_extraction_unavailable,False,0,True,True,extraction_unavailable
doc_8df6316836947e53,.pdf,62845,True,pdf_text_extraction_unavailable,False,0,True,True,extraction_unavailable
doc_d50703ae50732787,.pdf,53432,True,pdf_text_extraction_unavailable,False,0,True,True,extraction_unavailable
doc_5837322b7a11a863,.pdf,63057,True,pdf_text_extraction_unavailable,False,0,True,True,extraction_unavailable
doc_23462ca669f18688,.pdf,57857,True,pdf_text_extraction_unavailable,False,0,True,True,extraction_unavailable
doc_7bb5d39b40ee7f26,.pdf,54846,True,pdf_text_extraction_unavailable,False,0,True,True,extraction_unavailable
doc_66b338f15c272fcb,.pdf,24465,True,pdf_text_extraction_unavailable,False,0,True,True,extraction_unavailable
doc_5f54a4ea1303d815,.pdf,3034130,True,pdf_text_extraction_unavailable,False,0,True,True,extraction_unavailable
doc_809a632c0136c45e,.pdf,60528,True,pdf_text_extraction_unavailable,False,0,True,True,extraction_unavailable
doc_b6c9d14a704321eb,.pdf,37458,True,pdf_text_extraction_unavailable,False,0,True,True,extraction_unavailable
doc_d8b083326bd5d5d2,.pdf,75213,True,pdf_text_extraction_unavailable,False,0,True,True,extraction_unavailable
doc_ee0bcb204a9f0849,.pdf,253214,True,pdf_text_extraction_unavailable,False,0,True,True,extraction_unavailable
doc_2aac2596f9312173,.pdf,275166,True,pdf_text_extraction_unavailable,False,0,True,True,extraction_unavailable
doc_bde6644c39022853,.pdf,122041,True,pdf_text_extraction_unavailable,False,0,True,True,extraction_unavailable
doc_991a2e53decb6194,.pdf,1916180,True,pdf_text_extraction_unavailable,False,0,True,True,extraction_unavailable
doc_8887314529f7a7bb,.pdf,201014,True,pdf_text_extraction_unavailable,False,0,True,True,extraction_unavailable
doc_aae66b165dde44a5,.pdf,218932,True,pdf_text_extraction_unavailable,False,0,True,True,extraction_unavailable
doc_b716eb1805bc0140,.pdf,633760,True,pdf_text_extraction_unavailable,False,0,True,True,extraction_unavailable
doc_82e8ec7f6e625a35,.pdf,877018,True,pdf_text_extraction_unavailable,False,0,True,True,extraction_unavailable
doc_b3329e903da68c4f,.pdf,1213148,True,pdf_text_extraction_unavailable,False,0,True,True,extraction_unavailable
doc_0a2a7a9ea2ffb0cd,.pdf,1155235,True,pdf_text_extraction_unavailable,False,0,True,True,extraction_unavailable
doc_1ec1888476f2c271,.pdf,912019,True,pdf_text_extraction_unavailable,False,0,True,True,extraction_unavailable
doc_24810f7ac808240f,.pdf,4791551,True,pdf_text_extraction_unavailable,False,0,True,True,extraction_unavailable
doc_2e29902c50126e1a,.pdf,662167,True,pdf_text_extraction_unavailable,False,0,True,True,extraction_unavailable
doc_6ba2f08146e94bba,.pdf,2825555,True,pdf_text_extraction_unavailable,False,0,True,True,extraction_unavailable
doc_8324c57d52b0cbc2,.pdf,1151591,True,pdf_text_extraction_unavailable,False,0,True,True,extraction_unavailable
doc_b20fa0c9d56c18a3,.pdf,50066,True,pdf_text_extraction_unavailable,False,0,True,True,extraction_unavailable
doc_a7d9a415054f3ac8,.pdf,6800205,True,pdf_text_extraction_unavailable,False,0,True,True,extraction_unavailable
doc_73721490ebbf0b57,.tif,199286,True,image_ocr_unavailable,False,0,True,True,extraction_unavailable
doc_6fbe64a21d9d420b,.pdf,122848,True,pdf_text_extraction_unavailable,False,0,True,True,extraction_unavailable
doc_b70b7911fb016259,.pdf,1106445,True,pdf_text_extraction_unavailable,False,0,True,True,extraction_unavailable
doc_73a1a038e8ba85f3,.pdf,4078118,True,pdf_text_extraction_unavailable,False,0,True,True,extraction_unavailable
doc_21d47bd63c5de503,.pdf,1473281,True,pdf_text_extraction_unavailable,False,0,True,True,extraction_unavailable
doc_d8391d810b864d47,.pdf,807461,True,pdf_text_extraction_unavailable,False,0,True,True,extraction_unavailable
doc_d3f594879dbeff74,.pdf,5786303,True,pdf_text_extraction_unavailable,False,0,True,True,extraction_unavailable
doc_5deeb0bdc629bf78,.pdf,26983,True,pdf_text_extraction_unavailable,False,0,True,True,extraction_unavailable
doc_5f9b38bd6fda57ea,.pdf,72163,False,not_attempted,False,0,True,True,duplicate
doc_8886015894373da1,.pdf,9458914,True,pdf_text_extraction_unavailable,False,0,True,True,extraction_unavailable
doc_e220f2c0527b720e,.pdf,66424,False,not_attempted,False,0,True,True,duplicate
doc_d9f8434bacb0f259,.pdf,104501,False,not_attempted,False,0,True,True,duplicate
doc_a61f0b50923208a6,.pdf,10010189,True,pdf_text_extraction_unavailable,False,0,True,True,extraction_unavailable
doc_159fee9569d2bdea,.pdf,125382,True,pdf_text_extraction_unavailable,False,0,True,True,extraction_unavailable
doc_b9ce8503e8c9184c,.pdf,58187,False,not_attempted,False,0,True,True,duplicate
doc_e926a62b9fd16875,.pdf,50905,True,pdf_text_extraction_unavailable,False,0,True,True,extraction_unavailable
doc_9c231f685a9942fb,.pdf,28994,True,pdf_text_extraction_unavailable,False,0,True,True,extraction_unavailable
doc_ed651db79605e1f0,.pdf,3402703,True,pdf_text_extraction_unavailable,False,0,True,True,extraction_unavailable
doc_78496c66b6864d94,.pdf,94591,True,pdf_text_extraction_unavailable,False,0,True,True,extraction_unavailable
doc_bab77e3c05170e3d,.pdf,59725,False,not_attempted,False,0,True,True,duplicate
doc_7db91d832ffc4d8c,.pdf,64246,False,not_attempted,False,0,True,True,duplicate
doc_8665d1c4cbf49163,.pdf,60342,False,not_attempted,False,0,True,True,duplicate
doc_a32736a569766610,.pdf,105938,False,not_attempted,False,0,True,True,duplicate
doc_323059f3b5a6866d,.pdf,77963,False,not_attempted,False,0,True,True,duplicate
doc_c80863ca5d5b6105,.pdf,123173,False,not_attempted,False,0,True,True,duplicate
doc_ba4cd0d173141919,.pdf,9942835,True,pdf_text_extraction_unavailable,False,0,True,True,extraction_unavailable
doc_dd5d89c77d3207d5,.pdf,1718152,True,pdf_text_extraction_unavailable,False,0,True,True,extraction_unavailable
doc_2791fd5d95f3ea18,.pdf,46578,True,pdf_text_extraction_unavailable,False,0,True,True,extraction_unavailable
doc_33ff50dc79f236e8,.pdf,54036,True,pdf_text_extraction_unavailable,False,0,True,True,extraction_unavailable
doc_60c41891de0927d2,.mp3,16720456,False,not_attempted,False,0,True,True,unsupported
doc_f1e73df9f066187c,.jpg,3800485,True,pytesseract,True,0,False,False,ready_for_ai_extraction
doc_71e9b3316cd8ca65,.jpg,3609920,True,pytesseract,False,0,True,True,extraction_unavailable
doc_210569f1ba031119,.jpg,3035180,True,pytesseract,True,0,False,False,ready_for_ai_extraction
doc_138f99bad27afd00,.pdf,54543,True,pdf_text_extraction_unavailable,False,0,True,True,extraction_unavailable
doc_8b3d6f4566c11d25,.pdf,78621,True,pdf_text_extraction_unavailable,False,0,True,True,extraction_unavailable
doc_ccf551096d62c112,.pdf,106974,True,pdf_text_extraction_unavailable,False,0,True,True,extraction_unavailable
doc_04dd20bb6b96465a,.pdf,80371,True,pdf_text_extraction_unavailable,False,0,True,True,extraction_unavailable
doc_d308c0bf29413ebd,.pdf,60956,True,pdf_text_extraction_unavailable,False,0,True,True,extraction_unavailable
doc_a6b000a3d65b81bf,.pdf,78256,True,pdf_text_extraction_unavailable,False,0,True,True,extraction_unavailable
doc_404d465b869c20a2,.pdf,122046,True,pdf_text_extraction_unavailable,False,0,True,True,extraction_unavailable
doc_c4383bb2fe9c1667,.pdf,31706,True,pdf_text_extraction_unavailable,False,0,True,True,extraction_unavailable
doc_2e723632e92e66ad,.pdf,27222,True,pdf_text_extraction_unavailable,False,0,True,True,extraction_unavailable
doc_29083d0cd2292a8e,.pdf,453826,True,pdf_text_extraction_unavailable,False,0,True,True,extraction_unavailable
doc_400d582207b74950,.pdf,480404,True,pdf_text_extraction_unavailable,False,0,True,True,extraction_unavailable
doc_fd282e101f70f433,.pdf,32842,True,pdf_text_extraction_unavailable,False,0,True,True,extraction_unavailable
doc_0d3b62552bbc885a,.pdf,74404,True,pdf_text_extraction_unavailable,False,0,True,True,extraction_unavailable
doc_5d0d7c32b434d553,.pdf,82256,True,pdf_text_extraction_unavailable,False,0,True,True,extraction_unavailable
doc_8f2f1e3f2900443f,.pdf,53971,True,pdf_text_extraction_unavailable,False,0,True,True,extraction_unavailable
doc_7e9f20e4039b6897,.pdf,9458914,False,not_attempted,False,0,True,True,duplicate
doc_46727182edcb93e6,.pdf,117144,True,pdf_text_extraction_unavailable,False,0,True,True,extraction_unavailable
doc_f61999d888832c0e,.pdf,147881,True,pdf_text_extraction_unavailable,False,0,True,True,extraction_unavailable
doc_d3238c81af04fbed,.pdf,144743,True,pdf_text_extraction_unavailable,False,0,True,True,extraction_unavailable
doc_21b952fe64857acc,.pdf,272102,True,pdf_text_extraction_unavailable,False,0,True,True,extraction_unavailable
doc_22a51d536867463e,.pdf,153264,True,pdf_text_extraction_unavailable,False,0,True,True,extraction_unavailable
doc_62964ca3ee2cfb3b,.pdf,273520,True,pdf_text_extraction_unavailable,False,0,True,True,extraction_unavailable
doc_4d3342e55fb0936d,.pdf,3427136,True,pdf_text_extraction_unavailable,False,0,True,True,extraction_unavailable
doc_5bffd93587d122d6,.pdf,3691598,True,pdf_text_extraction_unavailable,False,0,True,True,extraction_unavailable
doc_1aff06327d2e62c5,.pdf,1640940,True,pdf_text_extraction_unavailable,False,0,True,True,extraction_unavailable
doc_0cdcdec589786728,.pdf,1718152,False,not_attempted,False,0,True,True,duplicate
doc_8b9bda904a5deb29,.pdf,56462,True,pdf_text_extraction_unavailable,False,0,True,True,extraction_unavailable
doc_c73f0a14d55ba68a,.pdf,148203,True,pdf_text_extraction_unavailable,False,0,True,True,extraction_unavailable
doc_41823646342a75e7,.pdf,364966,True,pdf_text_extraction_unavailable,False,0,True,True,extraction_unavailable
doc_26579ba623e1a952,.pdf,164420,True,pdf_text_extraction_unavailable,False,0,True,True,extraction_unavailable
doc_483168c197d8769d,.pdf,267562,True,pdf_text_extraction_unavailable,False,0,True,True,extraction_unavailable
doc_ec979c2ef2e78e19,.mp3,30799976,False,not_attempted,False,0,True,True,unsupported
doc_bb345cd52bea4ae9,.pdf,121815,True,pdf_text_extraction_unavailable,False,0,True,True,extraction_unavailable
doc_3a881c0880c04b00,.pdf,152775,True,pdf_text_extraction_unavailable,False,0,True,True,extraction_unavailable
doc_210462bbd1d13998,.pdf,1997852,True,pdf_text_extraction_unavailable,False,0,True,True,extraction_unavailable
doc_73c85526916ba3f5,.pdf,1528222,True,pdf_text_extraction_unavailable,False,0,True,True,extraction_unavailable
doc_81bc5073d17bc571,.pdf,731614,True,pdf_text_extraction_unavailable,False,0,True,True,extraction_unavailable
doc_3847f306008a8c83,.pdf,388350,True,pdf_text_extraction_unavailable,False,0,True,True,extraction_unavailable
doc_6248280c4be49702,.pdf,127888,True,pdf_text_extraction_unavailable,False,0,True,True,extraction_unavailable
doc_be478b718df7e9ae,.tif,204955,True,image_ocr_unavailable,False,0,True,True,extraction_unavailable
